{
    "individual_evaluations": {
        "logistic_regression": {
            "model_name": "logistic_regression",
            "train_metrics": {
                "accuracy": 0.7440370238519046,
                "precision": 0.5102389078498294,
                "recall": 0.8048452220726783,
                "f1_score": 0.6245430809399478,
                "confusion_matrix": {
                    "tn": 2984,
                    "fp": 1148,
                    "fn": 290,
                    "tp": 1196
                },
                "specificity": 0.7221684414327202,
                "sensitivity": 0.8048452220726783,
                "roc_auc": 0.8441958765841628,
                "classification_report": {
                    "0": {
                        "precision": 0.9114233353695785,
                        "recall": 0.7221684414327202,
                        "f1-score": 0.8058331082905752,
                        "support": 4132.0
                    },
                    "1": {
                        "precision": 0.5102389078498294,
                        "recall": 0.8048452220726783,
                        "f1-score": 0.6245430809399478,
                        "support": 1486.0
                    },
                    "accuracy": 0.7440370238519046,
                    "macro avg": {
                        "precision": 0.710831121609704,
                        "recall": 0.7635068317526992,
                        "f1-score": 0.7151880946152616,
                        "support": 5618.0
                    },
                    "weighted avg": {
                        "precision": 0.8053072692794491,
                        "recall": 0.7440370238519046,
                        "f1-score": 0.7578806375459984,
                        "support": 5618.0
                    }
                }
            },
            "test_metrics": {
                "accuracy": 0.7494677075940384,
                "precision": 0.5168350168350169,
                "recall": 0.8230563002680965,
                "f1_score": 0.6349534643226474,
                "confusion_matrix": {
                    "tn": 749,
                    "fp": 287,
                    "fn": 66,
                    "tp": 307
                },
                "specificity": 0.722972972972973,
                "sensitivity": 0.8230563002680965,
                "roc_auc": 0.8620221619551377,
                "classification_report": {
                    "0": {
                        "precision": 0.9190184049079755,
                        "recall": 0.722972972972973,
                        "f1-score": 0.8092922744462453,
                        "support": 1036.0
                    },
                    "1": {
                        "precision": 0.5168350168350169,
                        "recall": 0.8230563002680965,
                        "f1-score": 0.6349534643226474,
                        "support": 373.0
                    },
                    "accuracy": 0.7494677075940384,
                    "macro avg": {
                        "precision": 0.7179267108714962,
                        "recall": 0.7730146366205348,
                        "f1-score": 0.7221228693844464,
                        "support": 1409.0
                    },
                    "weighted avg": {
                        "precision": 0.8125497010391227,
                        "recall": 0.7494677075940384,
                        "f1-score": 0.7631401266988345,
                        "support": 1409.0
                    }
                }
            },
            "threshold": 0.5,
            "meets_requirements": false
        },
        "random_forest": {
            "model_name": "random_forest",
            "train_metrics": {
                "accuracy": 0.8364186543253826,
                "precision": 0.6395864106351551,
                "recall": 0.8741588156123823,
                "f1_score": 0.7386977537674154,
                "confusion_matrix": {
                    "tn": 3400,
                    "fp": 732,
                    "fn": 187,
                    "tp": 1299
                },
                "specificity": 0.8228460793804453,
                "sensitivity": 0.8741588156123823,
                "roc_auc": 0.9263920502293753,
                "classification_report": {
                    "0": {
                        "precision": 0.9478672985781991,
                        "recall": 0.8228460793804453,
                        "f1-score": 0.8809431273481021,
                        "support": 4132.0
                    },
                    "1": {
                        "precision": 0.6395864106351551,
                        "recall": 0.8741588156123823,
                        "f1-score": 0.7386977537674154,
                        "support": 1486.0
                    },
                    "accuracy": 0.8364186543253826,
                    "macro avg": {
                        "precision": 0.7937268546066771,
                        "recall": 0.8485024474964138,
                        "f1-score": 0.8098204405577587,
                        "support": 5618.0
                    },
                    "weighted avg": {
                        "precision": 0.8663248636399002,
                        "recall": 0.8364186543253826,
                        "f1-score": 0.8433182385725769,
                        "support": 5618.0
                    }
                }
            },
            "test_metrics": {
                "accuracy": 0.7906316536550745,
                "precision": 0.5758754863813229,
                "recall": 0.7935656836461126,
                "f1_score": 0.6674182638105975,
                "confusion_matrix": {
                    "tn": 818,
                    "fp": 218,
                    "fn": 77,
                    "tp": 296
                },
                "specificity": 0.7895752895752896,
                "sensitivity": 0.7935656836461126,
                "roc_auc": 0.8643447162213919,
                "classification_report": {
                    "0": {
                        "precision": 0.9139664804469274,
                        "recall": 0.7895752895752896,
                        "f1-score": 0.8472294148109787,
                        "support": 1036.0
                    },
                    "1": {
                        "precision": 0.5758754863813229,
                        "recall": 0.7935656836461126,
                        "f1-score": 0.6674182638105975,
                        "support": 373.0
                    },
                    "accuracy": 0.7906316536550745,
                    "macro avg": {
                        "precision": 0.7449209834141252,
                        "recall": 0.7915704866107011,
                        "f1-score": 0.7573238393107882,
                        "support": 1409.0
                    },
                    "weighted avg": {
                        "precision": 0.8244647481641236,
                        "recall": 0.7906316536550745,
                        "f1-score": 0.7996285920124393,
                        "support": 1409.0
                    }
                }
            },
            "threshold": 0.5,
            "meets_requirements": false
        },
        "xgboost": {
            "model_name": "xgboost",
            "train_metrics": {
                "accuracy": 0.8709505161979352,
                "precision": 0.8061142397425584,
                "recall": 0.6742934051144011,
                "f1_score": 0.7343349212165629,
                "confusion_matrix": {
                    "tn": 3891,
                    "fp": 241,
                    "fn": 484,
                    "tp": 1002
                },
                "specificity": 0.9416747337850919,